orderNum,skuNum,toteNum,toteMaxReqNum,orderBinCap,toteCapByStation,toteCapByRobot,robotMaxRouteNum,aisleNum,blockNum,shelfNum,aisleWidth,crossAisleWidth,toteWidth,toteDepth,pickTime,moveSpeed
70,200,1000,400,3,3,6,67,10,2,10,3.000000,4.000000,0.600000,0.500000,5.000000,1.800000
epsilon
1.9
skuSetByOrder
[36],[181, 11, 191],[127],[2],[81],[184, 5, 47],[1, 169, 189, 141, 158],[4, 125, 71],[172],[67, 155, 141, 142, 111],[148],[76, 33, 13],[1, 62, 3],[143],[28, 73, 198],[99],[124, 69, 27],[97],[145],[2],[182],[172, 37],[62, 71, 47],[129],[189],[168, 51, 149, 191],[128, 9, 194],[64],[34, 63],[103],[178],[148, 98, 158],[20, 42],[86, 90, 142],[96],[184],[35, 3],[129, 190],[119],[139],[156, 110],[8],[49],[142],[188, 85, 15],[84],[115, 139, 20, 174],[2],[16, 132, 117, 157],[120, 115],[124],[5],[132, 124, 76],[53],[81, 10],[164],[60, 55],[177],[158, 103],[145],[112, 140, 89],[153],[182],[57],[152, 177, 188, 141],[10, 155, 191, 47],[109],[196, 70],[10],[57, 142],
orderWithOneSKU
[0, 2, 3, 4, 8, 10, 13, 15, 17, 18, 19, 20, 23, 24, 27, 29, 30, 34, 35, 38, 39, 41, 42, 43, 45, 47, 50, 51, 53, 55, 57, 59, 61, 62, 63, 66, 68]
toteSetBySKU
[0, 241, 259, 452, 516, 616, 202, 586, 383, 511],[1, 514, 371, 483, 500, 330, 602, 379, 380, 253, 382, 447],[464, 2, 531, 357, 437, 343, 440],[3, 276, 549, 248, 328, 456, 217, 524],[625, 275, 323, 4, 356, 596, 567, 281, 363, 639],[305, 609, 322, 434, 578, 5, 438, 523, 302],[600, 409, 228, 325, 6, 326],[384, 386, 262, 7, 265, 267, 331, 589, 270, 496, 401, 338, 243, 249, 479],[418, 8, 251, 461, 206, 574, 367],[289, 561, 595, 614, 9, 317, 462],[360, 10, 426, 453],[498, 518, 200, 393, 11, 429, 445, 207],[340, 231, 279, 216, 280, 376, 201, 619, 12],[608, 624, 515, 630, 632, 268, 13, 415],[352, 529, 213, 229, 439, 618, 14, 526, 303],[304, 320, 372, 469, 230, 503, 583, 441, 236, 284, 15],[16, 592, 273, 341, 533, 598, 444, 572, 477, 509],[17, 389, 471, 535, 601, 381, 287],[18, 261, 485, 454, 264, 392, 605, 510],[257, 19, 484, 233, 521, 556, 221],[354, 20, 278, 342, 234, 554, 299, 351],[457, 21, 349, 606],[480, 297, 530, 22, 222, 542],[417, 339, 324, 565, 23, 495],[353, 610, 612, 390, 550, 295, 407, 24, 282, 603, 463],[594, 308, 552, 25, 473, 346, 348, 508, 205, 541],[528, 337, 258, 563, 548, 26, 394, 458, 525, 638],[225, 545, 564, 373, 519, 504, 520, 522, 27, 557, 238, 622],[290, 306, 405, 487, 472, 488, 219, 28],[611, 468, 505, 378, 203, 427, 491, 29, 237, 413, 271],[546, 467, 311, 218, 507, 428, 540, 30, 255],[336, 448, 419, 534, 31, 223],[32, 400, 576, 260, 388, 293, 296, 361, 332, 397, 559],[33, 436, 374, 215, 377, 442, 475, 587, 604, 333],[34, 227, 579, 244, 292, 615, 313, 252, 573, 334, 414],[402, 562, 35, 387, 566, 375, 314, 474, 575],[432, 209, 369, 449, 36, 420, 283],[385, 242, 37, 309, 310, 582],[364, 492, 38, 486],[210, 274, 277, 581, 39, 569, 399],[40, 307, 315, 459, 555],[256, 321, 403, 501, 599, 41, 490, 621, 590, 239, 623],[585, 42, 451, 499],[272, 568, 634, 43, 396, 629],[226, 466, 421, 358, 422, 44, 365],[412, 517, 45, 455, 631],[368, 211, 628, 536, 539, 269, 46, 335],[560, 627, 344, 584, 298, 588, 636, 285, 637, 398, 47],[48, 513, 626, 597, 294, 391, 424, 345, 425, 347, 220],[224, 512, 362, 204, 460, 494, 431, 591, 49, 404, 246, 406, 470, 247],[497, 50, 482, 355, 489, 570, 443],[433, 51, 476, 502, 543],[240, 52, 580, 245, 312, 408, 633, 250, 301, 430, 607],[329, 635, 300, 53, 214, 318],[593, 435, 212, 54, 327, 359, 537, 553, 254, 446],[288, 450, 547, 613, 55, 617, 266, 506, 286],[544, 481, 370, 56, 395, 478, 558],[416, 577, 291, 551, 232, 366, 527, 465, 532, 57, 410, 411, 316, 319],[58, 235, 620, 493, 350, 423],[208, 538, 59, 571, 263],[60, 777, 963],[848, 665, 930, 61],[840, 897, 730, 62],[736, 801, 918, 63, 719, 943],[64, 961, 834, 746, 895],[65, 881, 885, 695],[880, 833, 66],[828, 67, 691],[68, 668, 767],[69, 990],[784, 858, 692, 700, 70],[890, 644, 894, 71],[72, 712, 920, 945, 729, 949],[73],[74, 924, 709, 773, 942],[75],[808, 76, 989, 846],[984, 785, 651, 971, 77, 743],[645, 853, 78],[744, 698, 772, 79],[80, 647],[824, 81, 679],[908, 82, 755],[678, 83],[904, 737, 84, 812, 790],[684, 85, 814],[720, 825, 732, 86],[688, 740, 980, 972, 87],[88, 760, 889, 854],[976, 89, 882, 862, 983],[960, 793, 90, 788, 781, 847],[969, 946, 91],[92, 988, 701, 957, 919],[93],[656, 962, 843, 796, 94, 718, 655],[708, 95],[96, 912, 821, 871],[97, 953, 803, 907, 997, 887],[98, 646, 958],[896, 99, 759],[100, 722],[864, 888, 101, 805],[987, 925, 102, 870, 671],[721, 731, 955, 829, 766, 103],[104, 776, 659, 835, 685],[640, 105],[106, 996, 837, 791, 831],[845, 978, 107],[108, 713, 985],[794, 981, 109, 663, 815],[110, 775],[764, 111],[112],[113, 906, 795, 654, 703],[114, 702],[115],[116, 965, 967, 999],[117, 826, 782],[913, 118],[800, 706, 758, 119],[120, 705, 747],[121],[817, 849, 122],[689, 123, 715],[768, 936, 738, 859, 124],[681, 873, 125],[699, 126, 750, 798, 823],[648, 641, 724, 886, 127],[128, 816, 677, 927],[696, 129],[130, 754],[769, 131, 852, 822, 911],[690, 771, 132, 670],[792, 657, 804, 652, 133],[673, 134, 935],[872, 937, 662, 838, 135],[136],[137, 923],[921, 138, 851, 653],[139, 891],[809, 915, 939, 140],[944, 993, 756, 141, 941, 807],[142, 734],[797, 675, 143],[144, 752, 995],[145, 929, 901],[146, 751, 863],[806, 147],[148, 748, 780, 998],[940, 149],[875, 813, 150, 855, 783, 959],[723, 820, 836, 934, 151, 763, 892, 749],[152, 866, 666],[153, 682, 947],[154, 979, 948, 830],[778, 707, 155],[156, 860],[680, 786, 157, 774],[898, 158],[818, 819, 844, 717, 159],[160, 857, 850, 922, 973],[161, 770, 714, 899, 868, 966],[952, 745, 162, 811, 725],[865, 878, 163],[164],[649, 762, 165, 902],[166, 910, 711],[676, 661, 167],[168, 694],[169, 970],[992, 802, 170],[686, 171],[739, 884, 172, 876, 893],[728, 867, 173, 742],[832, 643, 982, 903, 905, 842, 174],[977, 650, 900, 956, 175],[176, 964, 687],[177, 779],[178, 938, 727],[753, 697, 179],[180, 874],[660, 181, 839, 810, 765, 861, 974],[954, 716, 182, 735],[877, 674, 183],[184, 931, 667, 991],[185, 841],[186, 789, 869, 975],[642, 187, 932, 917],[664, 968, 994, 188, 669, 726],[189, 733, 883],[916, 190, 951],[787, 191],[192, 928, 856, 950],[193, 761, 693, 757],[672, 194, 683, 827, 879],[195, 933, 926, 799],[196, 710, 986],[197],[704, 658, 198],[914, 741, 909, 199],
blockByTote
[1, 1, 1, 0, 1, 1, 1, 0, 0, 0, 0, 1, 1, 1, 0, 1, 0, 1, 1, 1, 0, 0, 0, 1, 1, 0, 0, 1, 1, 0, 1, 0, 1, 1, 0, 0, 1, 0, 0, 0, 1, 1, 1, 0, 0, 1, 1, 0, 1, 1, 0, 0, 0, 1, 1, 1, 0, 1, 0, 1, 1, 1, 1, 0, 1, 0, 1, 0, 1, 0, 0, 0, 1, 1, 0, 0, 0, 0, 1, 1, 0, 0, 0, 1, 0, 1, 0, 1, 1, 0, 0, 0, 0, 0, 0, 1, 1, 1, 1, 1, 1, 1, 0, 1, 1, 0, 0, 1, 1, 1, 0, 0, 1, 1, 0, 0, 0, 0, 0, 1, 0, 1, 1, 0, 0, 1, 1, 1, 0, 1, 0, 0, 0, 0, 0, 1, 0, 0, 1, 1, 0, 0, 1, 0, 0, 0, 1, 1, 1, 1, 0, 1, 0, 1, 0, 0, 0, 1, 1, 1, 1, 1, 1, 0, 0, 0, 0, 1, 0, 1, 1, 0, 1, 0, 0, 0, 0, 1, 1, 0, 1, 1, 0, 1, 1, 0, 1, 1, 0, 1, 1, 0, 0, 1, 0, 0, 0, 0, 1, 1, 1, 0, 0, 1, 1, 1, 0, 1, 1, 0, 0, 0, 0, 0, 1, 0, 0, 1, 0, 1, 1, 0, 1, 0, 0, 0, 0, 0, 1, 1, 0, 1, 0, 0, 1, 0, 1, 0, 0, 0, 0, 0, 0, 0, 0, 1, 1, 1, 0, 1, 1, 0, 0, 1, 1, 0, 1, 0, 0, 0, 0, 0, 0, 1, 1, 1, 0, 0, 1, 1, 1, 0, 1, 1, 1, 0, 1, 0, 0, 0, 0, 0, 0, 1, 0, 0, 1, 1, 1, 1, 1, 0, 0, 1, 1, 1, 1, 1, 0, 0, 1, 0, 0, 1, 0, 1, 0, 0, 1, 1, 0, 0, 0, 0, 1, 1, 1, 1, 0, 1, 0, 1, 0, 0, 0, 1, 1, 1, 1, 1, 1, 0, 1, 1, 1, 0, 1, 0, 0, 1, 1, 1, 1, 0, 1, 0, 1, 1, 1, 0, 0, 0, 1, 1, 0, 0, 1, 0, 1, 1, 1, 0, 0, 0, 0, 1, 1, 0, 0, 0, 0, 0, 1, 1, 0, 0, 0, 1, 1, 0, 0, 1, 0, 0, 0, 0, 1, 1, 1, 1, 1, 0, 0, 0, 1, 1, 1, 1, 1, 1, 0, 0, 0, 0, 0, 0, 1, 1, 1, 1, 1, 0, 0, 1, 0, 0, 1, 1, 0, 1, 0, 1, 0, 1, 1, 0, 1, 1, 0, 0, 0, 1, 0, 0, 1, 1, 0, 1, 0, 0, 0, 0, 0, 1, 1, 0, 0, 0, 1, 0, 1, 0, 0, 0, 0, 1, 0, 1, 0, 1, 0, 1, 0, 0, 1, 0, 0, 1, 0, 1, 0, 0, 0, 1, 0, 1, 0, 1, 0, 1, 1, 0, 1, 0, 0, 1, 1, 1, 0, 1, 0, 0, 0, 0, 0, 1, 1, 1, 1, 1, 0, 1, 1, 1, 0, 0, 1, 0, 0, 1, 1, 0, 1, 0, 1, 0, 0, 0, 0, 1, 0, 1, 1, 0, 0, 1, 0, 0, 0, 0, 1, 1, 1, 0, 0, 0, 0, 1, 1, 0, 0, 0, 0, 0, 0, 1, 0, 1, 0, 0, 0, 0, 1, 1, 1, 0, 0, 1, 0, 1, 0, 1, 1, 0, 0, 0, 0, 1, 1, 0, 0, 1, 0, 0, 1, 0, 0, 1, 0, 0, 1, 1, 0, 1, 1, 1, 1, 1, 0, 1, 0, 1, 0, 1, 0, 1, 1, 1, 0, 0, 1, 1, 1, 1, 0, 1, 1, 0, 0, 1, 0, 1, 1, 1, 1, 0, 0, 0, 1, 1, 0, 1, 1, 0, 0, 0, 1, 0, 0, 0, 1, 1, 0, 0, 0, 1, 1, 0, 0, 1, 0, 0, 0, 1, 0, 1, 0, 0, 1, 1, 1, 1, 0, 1, 0, 1, 0, 0, 1, 1, 1, 0, 0, 1, 0, 1, 1, 1, 1, 1, 1, 0, 1, 1, 1, 0, 0, 0, 1, 0, 1, 0, 1, 0, 0, 1, 1, 1, 1, 0, 0, 0, 1, 0, 1, 0, 0, 1, 0, 1, 1, 0, 1, 0, 1, 0, 1, 1, 1, 0, 0, 1, 1, 0, 1, 0, 0, 1, 1, 1, 0, 1, 0, 1, 1, 0, 1, 0, 0, 0, 0, 1, 0, 0, 0, 1, 1, 1, 1, 1, 0, 1, 0, 1, 1, 1, 0, 0, 0, 1, 0, 1, 0, 0, 0, 1, 1, 1, 1, 1, 1, 0, 1, 0, 0, 0, 0, 0, 0, 1, 1, 0, 1, 1, 0, 0, 1, 0, 1, 0, 1, 1, 1, 1, 1, 1, 0, 0, 1, 1, 0, 1, 1, 0, 1, 0, 1, 0, 0, 0, 0, 0, 0, 1, 1, 0, 1, 1, 0, 1, 1, 0, 1, 1, 0, 1, 1, 1, 0, 0, 0, 0, 1, 0, 0, 0, 1, 0, 0, 1, 0, 0, 1, 0, 0, 0, 1, 0, 1, 0, 0, 0, 1, 1, 0, 0, 1, 1, 0, 0, 1, 1, 1, 1, 1, 0, 0, 1, 0, 0, 0, 1, 1, 0, 1, 1, 1, 0, 0, 1, 0, 0, 0, 1, 1, 1, 1, 1, 1, 0, 0, 1, 0, 1, 0, 1, 1, 1, 1, 1, 1, 0, 1, 1, 1, 1, 1, 0, 0, 1, 1, 1, 0, 1, 0, 0, 0, 0, 1, 1, 1, 1, 0, 0, 0, 0, 0, 0, 1, 1, 0, 0, 0, 1, 0, 0, 1, 0, 0, 0, 1, 0, 1, 1, 0, 0, 1, 1, 1, 1, 1, 0, 1, 1, 0, 0, 0, 1, 0, 0, 1, 0, 1, 1, 0, 1, 1, 1, 0, 1, 1, 0, 1, 1, 0, 0, 1, 0, 1, 1, 0, 1, 1, 1, 1, 1, 0, 1, 1, 0, 0, 0, 1, 1, 0, 0, 0, 0, 0, 1, 1, 0, 0, 0, 0, 1, 1, 1, 0, 1],
aisleByTote
[4, 7, 4, 9, 2, 2, 4, 3, 7, 4, 1, 0, 8, 4, 1, 9, 7, 3, 7, 6, 5, 2, 2, 7, 5, 8, 2, 5, 6, 7, 1, 1, 4, 7, 6, 7, 8, 2, 2, 4, 9, 0, 9, 1, 7, 9, 5, 9, 5, 5, 7, 1, 2, 2, 0, 6, 2, 4, 2, 1, 1, 7, 3, 8, 6, 6, 1, 4, 1, 7, 1, 8, 5, 7, 7, 5, 8, 8, 0, 5, 0, 9, 9, 9, 9, 7, 0, 2, 7, 6, 0, 6, 0, 3, 8, 6, 4, 9, 8, 7, 2, 1, 5, 4, 4, 4, 5, 0, 4, 2, 1, 6, 7, 3, 0, 8, 8, 2, 2, 9, 4, 5, 3, 5, 4, 0, 3, 9, 5, 3, 2, 2, 7, 2, 2, 1, 3, 0, 5, 1, 9, 1, 7, 7, 2, 4, 1, 7, 0, 2, 4, 2, 9, 1, 7, 7, 3, 7, 6, 1, 4, 4, 3, 9, 3, 4, 3, 3, 8, 2, 6, 4, 7, 2, 3, 7, 4, 2, 0, 2, 1, 9, 4, 8, 2, 1, 7, 4, 3, 4, 3, 9, 1, 3, 8, 4, 4, 2, 3, 1, 3, 6, 9, 3, 9, 7, 3, 9, 5, 6, 8, 3, 0, 5, 9, 5, 0, 2, 0, 8, 8, 2, 3, 9, 1, 7, 8, 9, 3, 6, 8, 5, 7, 4, 4, 2, 4, 9, 1, 2, 0, 1, 9, 1, 3, 6, 5, 1, 1, 1, 5, 2, 3, 1, 6, 3, 4, 8, 4, 3, 6, 9, 2, 0, 0, 1, 5, 4, 6, 8, 9, 1, 1, 5, 9, 3, 6, 4, 1, 3, 3, 4, 1, 4, 9, 4, 4, 7, 5, 5, 0, 6, 0, 8, 0, 4, 4, 0, 4, 7, 4, 1, 5, 1, 0, 5, 0, 7, 2, 3, 7, 5, 9, 2, 0, 9, 8, 8, 4, 6, 8, 1, 7, 4, 0, 7, 4, 3, 7, 1, 4, 8, 6, 9, 3, 1, 9, 5, 8, 3, 9, 7, 8, 9, 2, 7, 4, 9, 4, 7, 9, 3, 1, 8, 2, 1, 1, 6, 9, 1, 0, 5, 6, 3, 1, 0, 1, 1, 2, 7, 9, 9, 4, 5, 0, 6, 4, 8, 2, 9, 8, 7, 7, 5, 0, 6, 0, 8, 3, 3, 1, 4, 8, 9, 3, 0, 6, 4, 5, 9, 3, 8, 2, 1, 0, 8, 5, 4, 5, 8, 4, 9, 2, 4, 1, 7, 7, 7, 0, 3, 7, 5, 1, 3, 0, 3, 2, 4, 3, 0, 4, 7, 9, 3, 6, 3, 0, 0, 3, 3, 5, 2, 9, 4, 9, 4, 3, 8, 0, 4, 2, 1, 6, 6, 2, 8, 8, 2, 6, 2, 6, 8, 6, 6, 6, 2, 6, 2, 0, 7, 4, 6, 2, 0, 3, 4, 0, 2, 4, 5, 1, 4, 8, 3, 7, 6, 2, 7, 7, 3, 0, 9, 6, 8, 0, 8, 5, 1, 3, 8, 8, 8, 5, 9, 1, 7, 6, 1, 8, 7, 8, 8, 3, 2, 1, 0, 8, 6, 0, 9, 7, 0, 7, 0, 9, 1, 4, 6, 1, 6, 6, 2, 7, 6, 0, 3, 7, 0, 2, 6, 5, 3, 8, 5, 0, 7, 7, 7, 0, 3, 8, 8, 1, 7, 0, 9, 7, 7, 1, 6, 9, 5, 0, 7, 8, 5, 2, 1, 6, 2, 9, 1, 2, 0, 8, 0, 6, 7, 4, 8, 6, 1, 2, 8, 7, 8, 9, 2, 3, 8, 8, 0, 8, 7, 6, 1, 9, 3, 3, 9, 8, 9, 2, 5, 1, 2, 3, 1, 9, 5, 0, 4, 3, 3, 1, 2, 4, 3, 8, 1, 0, 4, 9, 7, 4, 2, 4, 0, 6, 0, 1, 8, 6, 0, 4, 8, 3, 9, 8, 4, 5, 2, 6, 1, 8, 0, 7, 0, 7, 3, 5, 1, 1, 6, 4, 1, 7, 3, 9, 5, 1, 8, 4, 1, 9, 9, 0, 0, 1, 7, 9, 9, 3, 5, 5, 6, 2, 0, 5, 0, 4, 9, 2, 5, 8, 7, 7, 1, 7, 3, 4, 8, 7, 5, 6, 6, 5, 6, 4, 1, 6, 6, 1, 3, 2, 5, 2, 0, 9, 8, 3, 1, 6, 8, 5, 5, 7, 8, 8, 5, 7, 6, 7, 2, 1, 7, 2, 1, 3, 1, 7, 8, 0, 1, 2, 9, 5, 4, 3, 2, 3, 8, 1, 7, 0, 0, 5, 4, 6, 1, 4, 2, 7, 1, 5, 5, 8, 7, 2, 2, 7, 0, 1, 2, 3, 5, 0, 6, 2, 6, 6, 8, 3, 1, 5, 3, 3, 0, 8, 3, 1, 8, 5, 4, 4, 4, 0, 5, 1, 8, 5, 4, 2, 5, 7, 8, 8, 2, 1, 7, 7, 5, 1, 1, 9, 7, 0, 2, 9, 5, 3, 6, 3, 3, 9, 0, 1, 6, 3, 2, 1, 8, 0, 9, 2, 8, 6, 7, 5, 4, 5, 3, 5, 9, 0, 3, 5, 2, 8, 3, 3, 8, 4, 2, 6, 7, 8, 2, 6, 7, 9, 0, 6, 4, 1, 0, 8, 8, 8, 3, 6, 9, 1, 0, 1, 5, 7, 0, 5, 0, 1, 7, 7, 5, 8, 3, 0, 5, 0, 4, 5, 9, 2, 2, 0, 1, 2, 3, 2, 6, 1, 6, 2, 8, 8, 0, 2, 4, 6, 7, 6, 5, 5, 0, 2, 6, 9, 9, 0, 9, 9, 9, 8, 8, 2, 7, 7, 2, 5, 0, 2, 9, 3, 0, 4, 8, 7, 1, 7, 4, 5, 7, 0, 7, 1, 9, 8, 6, 2, 0, 7, 2, 4, 2, 3, 9, 5, 3, 6, 5, 0, 4, 6, 7, 3, 3, 3, 1, 7, 6, 3, 1, 3, 7, 9, 2, 1, 8, 5, 3, 0, 6, 3, 0, 0, 7, 4, 8, 6, 1, 5, 1, 3, 3, 2, 3, 7, 0, 0, 6, 1, 6, 3, 6, 1, 4, 7, 7, 9, 9],
shelfByTote
[8, 0, 2, 7, 5, 7, 5, 2, 2, 1, 6, 0, 1, 5, 4, 6, 1, 2, 3, 4, 0, 8, 0, 6, 0, 8, 1, 6, 4, 8, 9, 4, 1, 4, 4, 7, 1, 2, 3, 1, 6, 2, 1, 7, 3, 3, 3, 8, 7, 5, 3, 1, 1, 9, 9, 1, 6, 8, 3, 3, 6, 6, 0, 2, 7, 3, 3, 1, 3, 0, 7, 9, 3, 8, 8, 2, 9, 7, 3, 9, 1, 1, 5, 4, 9, 5, 7, 6, 2, 8, 7, 3, 3, 2, 1, 4, 5, 5, 1, 3, 8, 9, 3, 1, 9, 7, 9, 5, 0, 1, 9, 6, 8, 4, 1, 9, 9, 8, 0, 3, 8, 8, 3, 5, 1, 7, 0, 0, 8, 9, 2, 4, 9, 6, 3, 4, 3, 5, 3, 4, 1, 2, 6, 1, 8, 1, 7, 9, 7, 3, 6, 0, 9, 6, 6, 5, 6, 6, 3, 0, 7, 8, 0, 8, 4, 2, 0, 6, 4, 5, 4, 4, 8, 5, 8, 1, 7, 0, 1, 9, 6, 6, 7, 3, 3, 5, 5, 5, 5, 0, 7, 6, 3, 5, 2, 0, 3, 0, 0, 6, 6, 0, 0, 3, 2, 3, 9, 2, 4, 6, 2, 5, 8, 8, 7, 2, 6, 7, 2, 9, 4, 8, 6, 1, 0, 5, 6, 7, 5, 0, 6, 6, 0, 9, 4, 8, 1, 8, 1, 9, 8, 6, 0, 3, 3, 1, 5, 0, 9, 7, 7, 1, 4, 0, 2, 2, 9, 7, 8, 4, 0, 5, 8, 8, 0, 7, 0, 8, 3, 2, 4, 1, 9, 3, 9, 0, 6, 6, 7, 6, 4, 9, 9, 5, 5, 6, 4, 5, 6, 4, 4, 8, 8, 8, 8, 4, 9, 4, 6, 1, 0, 0, 1, 2, 6, 2, 7, 2, 7, 8, 9, 7, 9, 3, 3, 8, 9, 5, 8, 3, 5, 1, 9, 7, 8, 0, 8, 7, 2, 1, 6, 9, 3, 9, 1, 3, 1, 3, 2, 2, 7, 5, 9, 3, 8, 0, 7, 1, 3, 1, 3, 6, 9, 4, 7, 2, 9, 8, 3, 4, 6, 5, 4, 1, 0, 4, 5, 8, 1, 5, 3, 1, 4, 7, 5, 8, 4, 0, 0, 4, 2, 5, 2, 8, 1, 0, 4, 7, 9, 8, 8, 4, 1, 6, 9, 9, 7, 3, 1, 2, 6, 1, 8, 8, 2, 8, 6, 2, 3, 2, 5, 4, 2, 3, 1, 4, 1, 7, 2, 6, 1, 4, 9, 0, 4, 0, 7, 2, 8, 2, 6, 2, 0, 4, 4, 8, 0, 3, 3, 4, 0, 3, 5, 1, 4, 7, 9, 8, 9, 9, 8, 8, 2, 8, 3, 1, 0, 5, 4, 3, 7, 1, 4, 3, 1, 1, 0, 4, 2, 5, 6, 3, 7, 4, 6, 6, 7, 4, 0, 8, 6, 6, 1, 5, 5, 1, 8, 8, 9, 6, 9, 9, 9, 8, 0, 7, 3, 9, 1, 8, 7, 4, 8, 5, 2, 0, 9, 6, 8, 7, 9, 2, 8, 6, 8, 0, 0, 0, 1, 5, 8, 1, 2, 5, 7, 2, 4, 2, 2, 8, 5, 9, 0, 8, 2, 6, 7, 8, 2, 2, 3, 4, 7, 9, 5, 3, 0, 8, 7, 3, 5, 2, 2, 3, 8, 7, 1, 4, 7, 0, 9, 9, 9, 0, 1, 7, 2, 0, 5, 4, 0, 2, 5, 0, 7, 0, 1, 8, 1, 8, 9, 4, 8, 1, 9, 8, 0, 9, 9, 5, 9, 3, 8, 6, 8, 7, 5, 1, 3, 1, 3, 5, 7, 7, 4, 4, 5, 7, 4, 9, 0, 1, 7, 5, 4, 8, 9, 9, 8, 9, 8, 5, 6, 6, 8, 4, 8, 1, 4, 8, 1, 1, 4, 3, 1, 4, 9, 2, 3, 3, 7, 2, 4, 0, 4, 8, 4, 4, 2, 0, 9, 0, 9, 7, 4, 2, 3, 1, 5, 8, 3, 6, 2, 9, 9, 5, 2, 5, 7, 5, 3, 2, 4, 8, 0, 1, 1, 2, 2, 1, 2, 2, 8, 1, 8, 4, 7, 0, 0, 4, 5, 6, 3, 6, 4, 7, 5, 2, 0, 7, 1, 0, 3, 1, 8, 6, 3, 3, 3, 4, 2, 9, 2, 9, 6, 4, 0, 9, 7, 4, 8, 7, 2, 8, 2, 4, 7, 1, 7, 0, 0, 1, 4, 9, 3, 5, 2, 2, 0, 6, 0, 9, 1, 7, 8, 2, 1, 7, 5, 5, 6, 7, 5, 0, 0, 5, 1, 8, 0, 9, 3, 9, 9, 6, 6, 0, 7, 4, 5, 7, 6, 5, 8, 1, 3, 2, 8, 1, 1, 4, 7, 8, 4, 5, 8, 9, 4, 5, 7, 0, 3, 6, 1, 2, 4, 1, 4, 6, 3, 6, 8, 2, 9, 4, 0, 1, 9, 2, 9, 6, 7, 3, 9, 2, 7, 3, 2, 1, 9, 4, 4, 2, 8, 7, 5, 9, 6, 6, 5, 8, 2, 4, 0, 4, 0, 3, 0, 9, 3, 9, 4, 8, 2, 7, 2, 3, 3, 1, 3, 3, 8, 6, 9, 4, 8, 6, 4, 2, 8, 0, 0, 0, 8, 7, 9, 4, 8, 2, 2, 3, 8, 0, 3, 6, 1, 4, 5, 9, 7, 5, 4, 7, 4, 2, 6, 6, 6, 3, 5, 9, 4, 2, 3, 2, 8, 1, 3, 3, 5, 5, 2, 0, 2, 6, 0, 6, 0, 8, 2, 5, 0, 7, 9, 5, 1, 0, 2, 2, 7, 1, 1, 1, 2, 2, 0, 0, 4, 8, 8, 9, 6, 8, 3, 2, 7, 9, 1, 9, 1, 5, 0, 0, 7, 8, 8, 0, 1, 6, 3, 8, 6, 8, 2, 6, 2, 9, 0, 8, 1, 6, 8, 4, 4, 9, 1, 3, 5, 8, 1, 9, 3, 1, 9, 2, 5, 1, 5, 9, 7, 3, 7, 4, 9, 3, 3, 3, 4, 4, 8, 0, 7, 1, 0, 0, 5, 9, 3, 3, 9, 4],
xByTote
[16.0, 28.0, 16.0, 36.0, 8.0, 8.0, 16.0, 12.0, 28.0, 16.0, 4.0, 0.0, 32.0, 16.0, 4.0, 36.0, 28.0, 12.0, 28.0, 24.0, 20.0, 8.0, 8.0, 28.0, 20.0, 32.0, 8.0, 20.0, 24.0, 28.0, 4.0, 4.0, 16.0, 28.0, 24.0, 28.0, 32.0, 8.0, 8.0, 16.0, 36.0, 0.0, 36.0, 4.0, 28.0, 36.0, 20.0, 36.0, 20.0, 20.0, 28.0, 4.0, 8.0, 8.0, 0.0, 24.0, 8.0, 16.0, 8.0, 4.0, 4.0, 28.0, 12.0, 32.0, 24.0, 24.0, 4.0, 16.0, 4.0, 28.0, 4.0, 32.0, 20.0, 28.0, 28.0, 20.0, 32.0, 32.0, 0.0, 20.0, 0.0, 36.0, 36.0, 36.0, 36.0, 28.0, 0.0, 8.0, 28.0, 24.0, 0.0, 24.0, 0.0, 12.0, 32.0, 24.0, 16.0, 36.0, 32.0, 28.0, 8.0, 4.0, 20.0, 16.0, 16.0, 16.0, 20.0, 0.0, 16.0, 8.0, 4.0, 24.0, 28.0, 12.0, 0.0, 32.0, 32.0, 8.0, 8.0, 36.0, 16.0, 20.0, 12.0, 20.0, 16.0, 0.0, 12.0, 36.0, 20.0, 12.0, 8.0, 8.0, 28.0, 8.0, 8.0, 4.0, 12.0, 0.0, 20.0, 4.0, 36.0, 4.0, 28.0, 28.0, 8.0, 16.0, 4.0, 28.0, 0.0, 8.0, 16.0, 8.0, 36.0, 4.0, 28.0, 28.0, 12.0, 28.0, 24.0, 4.0, 16.0, 16.0, 12.0, 36.0, 12.0, 16.0, 12.0, 12.0, 32.0, 8.0, 24.0, 16.0, 28.0, 8.0, 12.0, 28.0, 16.0, 8.0, 0.0, 8.0, 4.0, 36.0, 16.0, 32.0, 8.0, 4.0, 28.0, 16.0, 12.0, 16.0, 12.0, 36.0, 4.0, 12.0, 32.0, 16.0, 16.0, 8.0, 12.0, 4.0, 12.0, 24.0, 36.0, 12.0, 36.0, 28.0, 12.0, 36.0, 20.0, 24.0, 32.0, 12.0, 0.0, 20.0, 36.0, 20.0, 0.0, 8.0, 0.0, 32.0, 32.0, 8.0, 12.0, 36.0, 4.0, 28.0, 32.0, 36.0, 12.0, 24.0, 32.0, 20.0, 28.0, 16.0, 16.0, 8.0, 16.0, 36.0, 4.0, 8.0, 0.0, 4.0, 36.0, 4.0, 12.0, 24.0, 20.0, 4.0, 4.0, 4.0, 20.0, 8.0, 12.0, 4.0, 24.0, 12.0, 16.0, 32.0, 16.0, 12.0, 24.0, 36.0, 8.0, 0.0, 0.0, 4.0, 20.0, 16.0, 24.0, 32.0, 36.0, 4.0, 4.0, 20.0, 36.0, 12.0, 24.0, 16.0, 4.0, 12.0, 12.0, 16.0, 4.0, 16.0, 36.0, 16.0, 16.0, 28.0, 20.0, 20.0, 0.0, 24.0, 0.0, 32.0, 0.0, 16.0, 16.0, 0.0, 16.0, 28.0, 16.0, 4.0, 20.0, 4.0, 0.0, 20.0, 0.0, 28.0, 8.0, 12.0, 28.0, 20.0, 36.0, 8.0, 0.0, 36.0, 32.0, 32.0, 16.0, 24.0, 32.0, 4.0, 28.0, 16.0, 0.0, 28.0, 16.0, 12.0, 28.0, 4.0, 16.0, 32.0, 24.0, 36.0, 12.0, 4.0, 36.0, 20.0, 32.0, 12.0, 36.0, 28.0, 32.0, 36.0, 8.0, 28.0, 16.0, 36.0, 16.0, 28.0, 36.0, 12.0, 4.0, 32.0, 8.0, 4.0, 4.0, 24.0, 36.0, 4.0, 0.0, 20.0, 24.0, 12.0, 4.0, 0.0, 4.0, 4.0, 8.0, 28.0, 36.0, 36.0, 16.0, 20.0, 0.0, 24.0, 16.0, 32.0, 8.0, 36.0, 32.0, 28.0, 28.0, 20.0, 0.0, 24.0, 0.0, 32.0, 12.0, 12.0, 4.0, 16.0, 32.0, 36.0, 12.0, 0.0, 24.0, 16.0, 20.0, 36.0, 12.0, 32.0, 8.0, 4.0, 0.0, 32.0, 20.0, 16.0, 20.0, 32.0, 16.0, 36.0, 8.0, 16.0, 4.0, 28.0, 28.0, 28.0, 0.0, 12.0, 28.0, 20.0, 4.0, 12.0, 0.0, 12.0, 8.0, 16.0, 12.0, 0.0, 16.0, 28.0, 36.0, 12.0, 24.0, 12.0, 0.0, 0.0, 12.0, 12.0, 20.0, 8.0, 36.0, 16.0, 36.0, 16.0, 12.0, 32.0, 0.0, 16.0, 8.0, 4.0, 24.0, 24.0, 8.0, 32.0, 32.0, 8.0, 24.0, 8.0, 24.0, 32.0, 24.0, 24.0, 24.0, 8.0, 24.0, 8.0, 0.0, 28.0, 16.0, 24.0, 8.0, 0.0, 12.0, 16.0, 0.0, 8.0, 16.0, 20.0, 4.0, 16.0, 32.0, 12.0, 28.0, 24.0, 8.0, 28.0, 28.0, 12.0, 0.0, 36.0, 24.0, 32.0, 0.0, 32.0, 20.0, 4.0, 12.0, 32.0, 32.0, 32.0, 20.0, 36.0, 4.0, 28.0, 24.0, 4.0, 32.0, 28.0, 32.0, 32.0, 12.0, 8.0, 4.0, 0.0, 32.0, 24.0, 0.0, 36.0, 28.0, 0.0, 28.0, 0.0, 36.0, 4.0, 16.0, 24.0, 4.0, 24.0, 24.0, 8.0, 28.0, 24.0, 0.0, 12.0, 28.0, 0.0, 8.0, 24.0, 20.0, 12.0, 32.0, 20.0, 0.0, 28.0, 28.0, 28.0, 0.0, 12.0, 32.0, 32.0, 4.0, 28.0, 0.0, 36.0, 28.0, 28.0, 4.0, 24.0, 36.0, 20.0, 0.0, 28.0, 32.0, 20.0, 8.0, 4.0, 24.0, 8.0, 36.0, 4.0, 8.0, 0.0, 32.0, 0.0, 24.0, 28.0, 16.0, 32.0, 24.0, 4.0, 8.0, 32.0, 28.0, 32.0, 36.0, 8.0, 12.0, 32.0, 32.0, 0.0, 32.0, 28.0, 24.0, 4.0, 36.0, 12.0, 12.0, 36.0, 32.0, 36.0, 8.0, 20.0, 4.0, 8.0, 12.0, 4.0, 36.0, 20.0, 0.0, 16.0, 12.0, 12.0, 4.0, 8.0, 16.0, 12.0, 32.0, 4.0, 0.0, 16.0, 36.0, 28.0, 16.0, 8.0, 16.0, 0.0, 24.0, 0.0, 4.0, 32.0, 24.0, 0.0, 16.0, 32.0, 12.0, 36.0, 32.0, 16.0, 20.0, 8.0, 24.0, 4.0, 32.0, 0.0, 28.0, 0.0, 28.0, 12.0, 20.0, 4.0, 4.0, 24.0, 16.0, 4.0, 28.0, 12.0, 36.0, 20.0, 4.0, 32.0, 16.0, 4.0, 36.0, 36.0, 0.0, 0.0, 4.0, 28.0, 36.0, 36.0, 12.0, 20.0, 20.0, 24.0, 8.0, 0.0, 20.0, 0.0, 16.0, 36.0, 8.0, 20.0, 32.0, 28.0, 28.0, 4.0, 28.0, 12.0, 16.0, 32.0, 28.0, 20.0, 24.0, 24.0, 20.0, 24.0, 16.0, 4.0, 24.0, 24.0, 4.0, 12.0, 8.0, 20.0, 8.0, 0.0, 36.0, 32.0, 12.0, 4.0, 24.0, 32.0, 20.0, 20.0, 28.0, 32.0, 32.0, 20.0, 28.0, 24.0, 28.0, 8.0, 4.0, 28.0, 8.0, 4.0, 12.0, 4.0, 28.0, 32.0, 0.0, 4.0, 8.0, 36.0, 20.0, 16.0, 12.0, 8.0, 12.0, 32.0, 4.0, 28.0, 0.0, 0.0, 20.0, 16.0, 24.0, 4.0, 16.0, 8.0, 28.0, 4.0, 20.0, 20.0, 32.0, 28.0, 8.0, 8.0, 28.0, 0.0, 4.0, 8.0, 12.0, 20.0, 0.0, 24.0, 8.0, 24.0, 24.0, 32.0, 12.0, 4.0, 20.0, 12.0, 12.0, 0.0, 32.0, 12.0, 4.0, 32.0, 20.0, 16.0, 16.0, 16.0, 0.0, 20.0, 4.0, 32.0, 20.0, 16.0, 8.0, 20.0, 28.0, 32.0, 32.0, 8.0, 4.0, 28.0, 28.0, 20.0, 4.0, 4.0, 36.0, 28.0, 0.0, 8.0, 36.0, 20.0, 12.0, 24.0, 12.0, 12.0, 36.0, 0.0, 4.0, 24.0, 12.0, 8.0, 4.0, 32.0, 0.0, 36.0, 8.0, 32.0, 24.0, 28.0, 20.0, 16.0, 20.0, 12.0, 20.0, 36.0, 0.0, 12.0, 20.0, 8.0, 32.0, 12.0, 12.0, 32.0, 16.0, 8.0, 24.0, 28.0, 32.0, 8.0, 24.0, 28.0, 36.0, 0.0, 24.0, 16.0, 4.0, 0.0, 32.0, 32.0, 32.0, 12.0, 24.0, 36.0, 4.0, 0.0, 4.0, 20.0, 28.0, 0.0, 20.0, 0.0, 4.0, 28.0, 28.0, 20.0, 32.0, 12.0, 0.0, 20.0, 0.0, 16.0, 20.0, 36.0, 8.0, 8.0, 0.0, 4.0, 8.0, 12.0, 8.0, 24.0, 4.0, 24.0, 8.0, 32.0, 32.0, 0.0, 8.0, 16.0, 24.0, 28.0, 24.0, 20.0, 20.0, 0.0, 8.0, 24.0, 36.0, 36.0, 0.0, 36.0, 36.0, 36.0, 32.0, 32.0, 8.0, 28.0, 28.0, 8.0, 20.0, 0.0, 8.0, 36.0, 12.0, 0.0, 16.0, 32.0, 28.0, 4.0, 28.0, 16.0, 20.0, 28.0, 0.0, 28.0, 4.0, 36.0, 32.0, 24.0, 8.0, 0.0, 28.0, 8.0, 16.0, 8.0, 12.0, 36.0, 20.0, 12.0, 24.0, 20.0, 0.0, 16.0, 24.0, 28.0, 12.0, 12.0, 12.0, 4.0, 28.0, 24.0, 12.0, 4.0, 12.0, 28.0, 36.0, 8.0, 4.0, 32.0, 20.0, 12.0, 0.0, 24.0, 12.0, 0.0, 0.0, 28.0, 16.0, 32.0, 24.0, 4.0, 20.0, 4.0, 12.0, 12.0, 8.0, 12.0, 28.0, 0.0, 0.0, 24.0, 4.0, 24.0, 12.0, 24.0, 4.0, 16.0, 28.0, 28.0, 36.0, 36.0],
yByTote
[17.1, 12.3, 13.5, 6.5, 15.3, 16.5, 15.3, 3.5, 3.5, 2.9, 5.9, 12.3, 12.9, 15.3, 4.699999999999999, 15.9, 2.9, 13.5, 14.1, 14.7, 2.3, 7.1, 2.3, 15.9, 12.3, 7.1, 2.9, 15.9, 14.7, 7.1, 17.7, 4.699999999999999, 12.9, 14.7, 4.699999999999999, 6.5, 12.9, 3.5, 4.1, 2.9, 15.9, 13.5, 12.9, 6.5, 4.1, 14.1, 14.1, 7.1, 16.5, 15.3, 4.1, 2.9, 2.9, 17.7, 17.7, 12.9, 5.9, 17.1, 4.1, 14.1, 15.9, 15.9, 12.3, 3.5, 16.5, 4.1, 14.1, 2.9, 14.1, 2.3, 6.5, 7.7, 14.1, 17.1, 7.1, 3.5, 7.7, 6.5, 14.1, 17.7, 2.9, 2.9, 5.3, 14.7, 7.7, 15.3, 6.5, 15.9, 13.5, 7.1, 6.5, 4.1, 4.1, 3.5, 2.9, 14.7, 15.3, 15.3, 12.9, 14.1, 17.1, 17.7, 4.1, 12.9, 17.7, 6.5, 7.7, 15.3, 12.3, 12.9, 7.7, 5.9, 17.1, 14.7, 2.9, 7.7, 7.7, 7.1, 2.3, 14.1, 7.1, 17.1, 14.1, 5.3, 2.9, 16.5, 12.3, 12.3, 7.1, 17.7, 3.5, 4.699999999999999, 7.7, 5.9, 4.1, 14.7, 4.1, 5.3, 14.1, 14.7, 2.9, 3.5, 15.9, 2.9, 7.1, 2.9, 16.5, 17.7, 16.5, 14.1, 5.9, 12.3, 7.7, 15.9, 5.9, 5.3, 5.9, 15.9, 14.1, 12.3, 16.5, 17.1, 12.3, 7.1, 4.699999999999999, 3.5, 2.3, 15.9, 4.699999999999999, 15.3, 14.7, 4.699999999999999, 17.1, 5.3, 7.1, 2.9, 6.5, 12.3, 12.9, 7.7, 15.9, 15.9, 6.5, 14.1, 14.1, 5.3, 15.3, 15.3, 5.3, 12.3, 16.5, 5.9, 4.1, 15.3, 3.5, 2.3, 4.1, 2.3, 12.3, 15.9, 15.9, 2.3, 2.3, 14.1, 13.5, 14.1, 7.7, 13.5, 14.7, 5.9, 3.5, 5.3, 7.1, 7.1, 16.5, 3.5, 5.9, 16.5, 3.5, 17.7, 14.7, 7.1, 15.9, 2.9, 2.3, 5.3, 5.9, 6.5, 15.3, 12.3, 5.9, 15.9, 2.3, 7.7, 14.7, 7.1, 12.9, 7.1, 2.9, 7.7, 7.1, 5.9, 2.3, 4.1, 4.1, 12.9, 15.3, 12.3, 7.7, 16.5, 16.5, 2.9, 4.699999999999999, 12.3, 13.5, 3.5, 17.7, 6.5, 7.1, 4.699999999999999, 2.3, 5.3, 7.1, 17.1, 12.3, 16.5, 2.3, 7.1, 14.1, 13.5, 14.7, 2.9, 17.7, 14.1, 17.7, 2.3, 15.9, 5.9, 6.5, 5.9, 4.699999999999999, 7.7, 7.7, 15.3, 5.3, 5.9, 14.7, 15.3, 15.9, 14.7, 14.7, 7.1, 7.1, 17.1, 17.1, 14.7, 17.7, 14.7, 5.9, 2.9, 12.3, 2.3, 2.9, 13.5, 5.9, 13.5, 6.5, 3.5, 16.5, 17.1, 7.7, 6.5, 7.7, 4.1, 14.1, 17.1, 17.7, 15.3, 7.1, 14.1, 5.3, 12.9, 7.7, 6.5, 7.1, 12.3, 17.1, 16.5, 13.5, 12.9, 15.9, 7.7, 14.1, 17.7, 12.9, 4.1, 12.9, 4.1, 3.5, 13.5, 16.5, 15.3, 17.7, 4.1, 17.1, 2.3, 16.5, 12.9, 14.1, 2.9, 4.1, 5.9, 17.7, 14.7, 6.5, 3.5, 17.7, 7.1, 14.1, 14.7, 15.9, 5.3, 4.699999999999999, 2.9, 2.3, 14.7, 15.3, 7.1, 2.9, 5.3, 4.1, 2.9, 14.7, 16.5, 5.3, 7.1, 4.699999999999999, 12.3, 12.3, 4.699999999999999, 3.5, 15.3, 3.5, 7.1, 2.9, 2.3, 14.7, 16.5, 17.7, 17.1, 17.1, 4.699999999999999, 2.9, 5.9, 17.7, 17.7, 16.5, 14.1, 12.9, 13.5, 5.9, 2.9, 7.1, 7.1, 3.5, 7.1, 15.9, 13.5, 14.1, 13.5, 15.3, 4.699999999999999, 3.5, 14.1, 2.9, 4.699999999999999, 12.9, 16.5, 3.5, 15.9, 2.9, 14.7, 7.7, 12.3, 14.7, 2.3, 16.5, 13.5, 7.1, 3.5, 5.9, 13.5, 2.3, 4.699999999999999, 14.7, 17.1, 2.3, 14.1, 4.1, 4.699999999999999, 2.3, 4.1, 5.3, 12.9, 14.7, 6.5, 7.7, 7.1, 17.7, 7.7, 17.1, 7.1, 3.5, 7.1, 4.1, 12.9, 2.3, 15.3, 4.699999999999999, 14.1, 6.5, 12.9, 4.699999999999999, 4.1, 12.9, 2.9, 2.3, 14.7, 3.5, 15.3, 5.9, 4.1, 6.5, 14.7, 5.9, 15.9, 6.5, 14.7, 2.3, 17.1, 15.9, 5.9, 12.9, 5.3, 5.3, 12.9, 17.1, 17.1, 7.7, 15.9, 7.7, 7.7, 7.7, 7.1, 2.3, 16.5, 14.1, 17.7, 12.9, 17.1, 6.5, 14.7, 17.1, 15.3, 3.5, 2.3, 17.7, 5.9, 7.1, 16.5, 17.7, 3.5, 17.1, 5.9, 17.1, 2.3, 2.3, 2.3, 2.9, 15.3, 7.1, 12.9, 13.5, 5.3, 6.5, 13.5, 4.699999999999999, 3.5, 3.5, 7.1, 15.3, 17.7, 12.3, 7.1, 3.5, 5.9, 6.5, 17.1, 13.5, 3.5, 4.1, 4.699999999999999, 6.5, 7.7, 5.3, 14.1, 2.3, 17.1, 6.5, 4.1, 5.3, 3.5, 13.5, 14.1, 17.1, 6.5, 2.9, 14.7, 6.5, 12.3, 7.7, 17.7, 17.7, 2.3, 2.9, 6.5, 3.5, 12.3, 15.3, 4.699999999999999, 2.3, 13.5, 5.3, 2.3, 16.5, 2.3, 2.9, 17.1, 2.9, 7.1, 17.7, 14.7, 7.1, 12.9, 17.7, 17.1, 12.3, 17.7, 7.7, 15.3, 7.7, 14.1, 7.1, 15.9, 7.1, 16.5, 15.3, 12.9, 4.1, 2.9, 14.1, 15.3, 16.5, 16.5, 4.699999999999999, 14.7, 15.3, 6.5, 4.699999999999999, 17.7, 2.3, 12.9, 16.5, 15.3, 14.7, 7.1, 7.7, 7.7, 17.1, 17.7, 7.1, 15.3, 15.9, 5.9, 7.1, 4.699999999999999, 17.1, 2.9, 4.699999999999999, 7.1, 12.9, 12.9, 4.699999999999999, 4.1, 2.9, 14.7, 17.7, 3.5, 4.1, 14.1, 6.5, 3.5, 4.699999999999999, 12.3, 4.699999999999999, 17.1, 4.699999999999999, 4.699999999999999, 13.5, 12.3, 17.7, 12.3, 7.7, 16.5, 4.699999999999999, 13.5, 4.1, 2.9, 15.3, 17.1, 14.1, 5.9, 3.5, 17.7, 7.7, 15.3, 13.5, 15.3, 16.5, 15.3, 14.1, 3.5, 14.7, 17.1, 12.3, 2.9, 2.9, 3.5, 13.5, 2.9, 13.5, 3.5, 17.1, 2.9, 7.1, 14.7, 16.5, 12.3, 12.3, 4.699999999999999, 5.3, 5.9, 14.1, 5.9, 14.7, 6.5, 5.3, 13.5, 2.3, 16.5, 12.9, 2.3, 14.1, 2.9, 17.1, 5.9, 14.1, 14.1, 14.1, 4.699999999999999, 3.5, 17.7, 13.5, 7.7, 15.9, 4.699999999999999, 2.3, 17.7, 16.5, 14.7, 7.1, 16.5, 3.5, 17.1, 13.5, 4.699999999999999, 16.5, 2.9, 6.5, 2.3, 2.3, 12.9, 4.699999999999999, 7.7, 4.1, 15.3, 13.5, 13.5, 12.3, 15.9, 2.3, 17.7, 2.9, 16.5, 17.1, 13.5, 2.9, 6.5, 5.3, 15.3, 5.9, 16.5, 5.3, 2.3, 2.3, 15.3, 12.9, 17.1, 12.3, 17.7, 14.1, 7.7, 17.7, 5.9, 5.9, 2.3, 6.5, 4.699999999999999, 5.3, 16.5, 15.9, 5.3, 17.1, 12.9, 4.1, 3.5, 17.1, 2.9, 12.9, 4.699999999999999, 16.5, 17.1, 14.7, 15.3, 17.1, 17.7, 4.699999999999999, 5.3, 16.5, 12.3, 4.1, 15.9, 12.9, 3.5, 14.7, 2.9, 14.7, 5.9, 4.1, 5.9, 7.1, 3.5, 7.7, 14.7, 12.3, 2.9, 17.7, 13.5, 7.7, 15.9, 16.5, 4.1, 17.7, 13.5, 6.5, 14.1, 13.5, 12.9, 7.7, 4.699999999999999, 4.699999999999999, 3.5, 17.1, 6.5, 5.3, 7.7, 15.9, 5.9, 5.3, 17.1, 3.5, 4.699999999999999, 12.3, 4.699999999999999, 2.3, 4.1, 12.3, 7.7, 14.1, 7.7, 4.699999999999999, 7.1, 13.5, 16.5, 3.5, 4.1, 14.1, 12.9, 4.1, 4.1, 17.1, 15.9, 17.7, 14.7, 17.1, 5.9, 4.699999999999999, 13.5, 7.1, 2.3, 2.3, 12.3, 17.1, 6.5, 17.7, 14.7, 17.1, 3.5, 3.5, 14.1, 7.1, 2.3, 4.1, 15.9, 12.9, 14.7, 15.3, 17.7, 16.5, 5.3, 4.699999999999999, 16.5, 4.699999999999999, 13.5, 5.9, 15.9, 15.9, 14.1, 15.3, 17.7, 14.7, 3.5, 14.1, 13.5, 17.1, 12.9, 14.1, 4.1, 5.3, 15.3, 13.5, 12.3, 3.5, 15.9, 2.3, 5.9, 2.3, 7.1, 13.5, 15.3, 12.3, 16.5, 7.7, 5.3, 2.9, 2.3, 3.5, 3.5, 16.5, 12.9, 2.9, 2.9, 3.5, 13.5, 2.3, 2.3, 14.7, 7.1, 7.1, 7.7, 15.9, 7.1, 14.1, 13.5, 6.5, 7.7, 12.9, 17.7, 12.9, 15.3, 12.3, 2.3, 16.5, 17.1, 7.1, 2.3, 2.9, 15.9, 4.1, 7.1, 15.9, 7.1, 13.5, 15.9, 3.5, 17.7, 12.3, 17.1, 2.9, 15.9, 17.1, 4.699999999999999, 14.7, 17.7, 2.9, 4.1, 15.3, 7.1, 12.9, 17.7, 4.1, 12.9, 17.7, 13.5, 15.3, 12.9, 5.3, 17.7, 16.5, 4.1, 6.5, 4.699999999999999, 17.7, 14.1, 4.1, 4.1, 4.699999999999999, 4.699999999999999, 7.1, 12.3, 16.5, 2.9, 2.3, 2.3, 5.3, 17.7, 14.1, 14.1, 7.7, 14.7],
skuByTote
[0, 1, 2, 3, 4, 5, 6, 7, 8, 9, 10, 11, 12, 13, 14, 15, 16, 17, 18, 19, 20, 21, 22, 23, 24, 25, 26, 27, 28, 29, 30, 31, 32, 33, 34, 35, 36, 37, 38, 39, 40, 41, 42, 43, 44, 45, 46, 47, 48, 49, 50, 51, 52, 53, 54, 55, 56, 57, 58, 59, 60, 61, 62, 63, 64, 65, 66, 67, 68, 69, 70, 71, 72, 73, 74, 75, 76, 77, 78, 79, 80, 81, 82, 83, 84, 85, 86, 87, 88, 89, 90, 91, 92, 93, 94, 95, 96, 97, 98, 99, 100, 101, 102, 103, 104, 105, 106, 107, 108, 109, 110, 111, 112, 113, 114, 115, 116, 117, 118, 119, 120, 121, 122, 123, 124, 125, 126, 127, 128, 129, 130, 131, 132, 133, 134, 135, 136, 137, 138, 139, 140, 141, 142, 143, 144, 145, 146, 147, 148, 149, 150, 151, 152, 153, 154, 155, 156, 157, 158, 159, 160, 161, 162, 163, 164, 165, 166, 167, 168, 169, 170, 171, 172, 173, 174, 175, 176, 177, 178, 179, 180, 181, 182, 183, 184, 185, 186, 187, 188, 189, 190, 191, 192, 193, 194, 195, 196, 197, 198, 199, 11, 12, 0, 29, 49, 25, 8, 11, 59, 36, 39, 46, 54, 14, 53, 33, 12, 3, 30, 28, 48, 19, 22, 31, 49, 27, 44, 34, 6, 14, 15, 12, 57, 19, 20, 58, 15, 29, 27, 41, 52, 0, 37, 7, 34, 52, 49, 49, 3, 7, 52, 8, 34, 1, 54, 30, 41, 19, 26, 0, 32, 18, 7, 59, 18, 7, 55, 7, 13, 46, 7, 29, 43, 16, 39, 4, 3, 39, 20, 12, 12, 4, 24, 36, 15, 47, 55, 17, 55, 9, 28, 57, 34, 32, 48, 24, 32, 22, 47, 20, 53, 52, 5, 14, 15, 5, 28, 40, 25, 37, 37, 30, 52, 34, 35, 40, 57, 9, 53, 57, 15, 41, 5, 4, 23, 6, 6, 54, 3, 53, 1, 7, 32, 33, 34, 46, 31, 26, 7, 23, 12, 16, 20, 2, 47, 48, 25, 48, 25, 21, 58, 20, 14, 24, 20, 50, 4, 2, 44, 54, 10, 32, 49, 4, 38, 44, 57, 8, 46, 36, 56, 1, 15, 27, 33, 35, 12, 33, 29, 1, 1, 17, 1, 0, 7, 37, 7, 35, 32, 17, 24, 48, 18, 11, 26, 56, 43, 32, 47, 39, 32, 7, 35, 41, 49, 28, 49, 24, 52, 6, 57, 57, 45, 29, 34, 13, 57, 23, 8, 31, 36, 44, 44, 58, 48, 48, 10, 29, 30, 11, 52, 49, 36, 51, 5, 54, 33, 2, 5, 14, 2, 15, 33, 50, 16, 11, 54, 1, 31, 36, 55, 42, 0, 10, 18, 45, 3, 21, 26, 40, 49, 8, 9, 24, 2, 57, 44, 30, 29, 15, 49, 17, 28, 25, 35, 33, 51, 16, 56, 7, 22, 56, 50, 1, 19, 18, 38, 28, 28, 50, 41, 29, 38, 58, 49, 23, 7, 50, 11, 42, 1, 41, 51, 15, 27, 29, 55, 30, 25, 16, 18, 0, 49, 48, 1, 13, 0, 45, 11, 27, 27, 19, 27, 5, 3, 26, 14, 57, 26, 14, 22, 2, 57, 16, 31, 17, 46, 54, 59, 46, 30, 25, 22, 51, 56, 27, 30, 55, 26, 3, 24, 57, 25, 54, 20, 40, 19, 27, 56, 32, 47, 9, 35, 26, 27, 23, 35, 4, 43, 39, 50, 59, 16, 34, 8, 35, 32, 57, 5, 34, 52, 39, 37, 15, 47, 42, 0, 33, 47, 7, 41, 49, 16, 54, 25, 9, 4, 48, 16, 41, 6, 17, 1, 24, 33, 18, 21, 52, 13, 5, 24, 29, 24, 55, 9, 34, 0, 55, 14, 12, 58, 41, 27, 41, 13, 4, 48, 47, 46, 43, 13, 45, 13, 52, 43, 53, 47, 47, 26, 4, 105, 127, 187, 174, 71, 78, 98, 80, 127, 165, 175, 77, 133, 138, 113, 94, 94, 133, 198, 104, 181, 167, 135, 109, 188, 61, 152, 184, 68, 188, 132, 102, 194, 134, 183, 143, 167, 128, 83, 81, 157, 125, 153, 194, 85, 104, 171, 176, 87, 123, 132, 67, 70, 193, 168, 65, 129, 179, 79, 126, 70, 92, 114, 113, 198, 120, 119, 155, 95, 74, 196, 166, 72, 108, 161, 123, 182, 159, 94, 63, 86, 103, 100, 151, 127, 162, 188, 178, 173, 72, 62, 103, 86, 189, 142, 182, 63, 84, 124, 172, 87, 199, 173, 77, 79, 162, 64, 120, 148, 151, 126, 146, 144, 179, 130, 82, 141, 193, 119, 99, 88, 193, 165, 151, 111, 181, 103, 68, 124, 131, 161, 132, 79, 74, 157, 110, 104, 60, 155, 177, 148, 90, 117, 150, 70, 77, 157, 191, 90, 186, 84, 106, 133, 90, 109, 113, 94, 143, 126, 195, 119, 63, 170, 97, 133, 101, 147, 141, 76, 140, 181, 162, 84, 150, 85, 109, 128, 122, 159, 159, 151, 96, 131, 126, 81, 86, 117, 194, 67, 103, 154, 106, 174, 66, 64, 104, 151, 106, 135, 181, 62, 185, 174, 94, 159, 107, 76, 90, 61, 122, 160, 138, 131, 78, 88, 150, 192, 160, 70, 124, 156, 181, 89, 146, 101, 163, 152, 173, 161, 186, 102, 96, 135, 125, 180, 150, 172, 183, 163, 194, 66, 65, 89, 189, 172, 65, 127, 97, 101, 88, 71, 139, 151, 172, 71, 64, 99, 62, 158, 161, 175, 145, 165, 174, 84, 174, 113, 97, 82, 199, 166, 131, 96, 118, 199, 140, 190, 187, 63, 92, 72, 138, 160, 137, 74, 102, 195, 128, 192, 145, 61, 184, 187, 195, 151, 134, 124, 135, 178, 140, 149, 141, 74, 63, 141, 72, 91, 153, 154, 72, 192, 190, 162, 97, 182, 103, 175, 92, 98, 150, 90, 64, 94, 60, 176, 116, 161, 116, 188, 91, 169, 77, 87, 160, 181, 186, 89, 175, 107, 154, 87, 109, 174, 89, 77, 108, 196, 102, 92, 76, 69, 184, 170, 141, 188, 144, 106, 97, 148, 116]
